ZE-Name,ZE-Standort,ZE-Kanton,ZE-Status,ZE-Erste Inbetriebnahme,ZE-Kote,ZE-Koordinaten unscharf (Ost),ZE-Koordinaten unscharf (Nord)
Trümpler,Oberuster,Zürich,im Normalbetrieb,1816,477.8,698330,244680
"Stadtbrücke, Lichtensteig",Lichtensteig,St.Gallen,im Normalbetrieb,1820,600.2,724450,242680
Schwanden (F.Blumer),Schwanden,Glarus,im Normalbetrieb,1828,523.8,724670,206050
Windisch,Windisch,Aargau,im Normalbetrieb,1830,333.47,659720,259240
Freienstein,Freienstein,Zürich,im Normalbetrieb,1832,360.07,686480,264850
Kollbrunn,"Kollbrunn, Gmde. Zell",Zürich,im Normalbetrieb,1832,488,700300,257350
"Säge, Murg",Murg,St.Gallen,im Normalbetrieb,1836,422,735140,219590
Ziegelbrücke,Ziegelbrücke,Glarus,im Normalbetrieb,1837,412.9,723220,221520
Haslen,Haslen,Glarus,im Normalbetrieb,1848,538.6,723370,204920
Hätzingen,Hätzingen,Glarus,im Normalbetrieb,1850,558.95,721880,202750
Hagerhüsli,Bätterkinden,Bern,im Normalbetrieb,1854,476,607350,218890
Lorzentobel 3,Baar,Zug,im Normalbetrieb,1854,456.65,683410,227780
Bätterkinden,Bätterkinden,Bern,im Normalbetrieb,1855,469.5,608000,220230
Ibach,Ibach,Schwyz,im Normalbetrieb,1859,454.8,691900,206940
Manegg,Zürich,Zürich,stillgelegt,1860,429.24,681790,243660
"Sennhof, Illnau-Effretikon","Sennhof, Illnau-Effretikon",Zürich,im Normalbetrieb,1860,476.7,699330,258100
Büttenen 1,Grellingen,Basel-Landschaft,im Normalbetrieb,1861,312.35,611680,254680
Dietfurt,Bütschwil,St.Gallen,im Normalbetrieb,1861,583.7,724080,245030
Gebenstorf,Turgi,Aargau,im Normalbetrieb,1861,331.69,660420,261130
"Spreitenbach, Galgenen Kistler","Galgenen, Vorauen",Schwyz,im Normalbetrieb,1863,460,707550,226530
Emmenhof,Derendingen,Solothurn,im Normalbetrieb,1863,442.57,610920,227110
Büttenen 2,Grellingen,Basel-Landschaft,im Normalbetrieb,1864,312.6,611680,254680
"Stroppel, Untersiggenthal",Untersiggenthal,Aargau,im Normalbetrieb,1864,332.45,660400,261640
Biberist (Papierfabrik),Biberist,Solothurn,im Normalbetrieb,1864,442.94,609890,225850
Bischofszell (Papierfabrik),Bischofszell,Thurgau,im Normalbetrieb,1864,467,735300,261800
Mühlau,Mülau bei Bazenheid Kirchberg,St.Gallen,im Normalbetrieb,1865,536.2,723730,252410
Felsen,Flums,St.Gallen,im Normalbetrieb,1866,476.14,744380,216980
Vessy,"Veyrier, Iles de Vessy",Genf,im Normalbetrieb,1867,390,502060,114970
Schindellegi,Schindellegi,Schwyz,im Normalbetrieb,1869,754,696600,225520
Frinvillier,Frinvillier,Bern,im Normalbetrieb,1869,518.4,585980,224170
Maigrauge-Centrale de dotation,"Fribourg, Maigrauge",Freiburg,im Normalbetrieb,1870,546.5,579180,183100
Rotzloch,"Stansstad, Rotzloch",Nidwalden,im Normalbetrieb,1872,437.46,667920,201920
Bürglen (Kanal),Bürglen,Thurgau,im Normalbetrieb,1872,443.9,728670,267950
"Perlen 1 (WTA HF, in Buchrain)","Perlen, Buchrain",Luzern,im Normalbetrieb,1873,412.37,669760,217760
"Perlen 2 (WTA PF, in Root)","Perlen, Root",Luzern,im Normalbetrieb,1875,415.6,670550,218210
Bözingen,Bözingen,Bern,im Normalbetrieb,1876,447.94,586950,222630
"Untere Emmengasse, Luterbach",Luterbach,Solothurn,im Normalbetrieb,1876,433.7,610650,228190
Linthal (Spinnerei Linthal),Linthal,Glarus,im Normalbetrieb,1877,636.82,718900,198400
Letten,Zürich,Zürich,im Normalbetrieb,1877,408.1,682580,249040
Mels (Halde),Mels,St.Gallen,im Normalbetrieb,1878,507,750120,212280
"Model, Weinfelden",Weinfelden,Thurgau,im Normalbetrieb,1878,426.02,725190,269120
Rondchâtel,"Péry, Rondchâtel",Bern,im Normalbetrieb,1883,529.37,585680,224470
Ingenbohl,Brunnen,Schwyz,stillgelegt,1885,443.3,689230,206620
Thorenberg,Littau,Luzern,im Normalbetrieb,1886,457.1,661500,211600
Les Moyats,"Brot-Dessous, Les Moyats",Neuenburg,im Normalbetrieb,1887,629.8,548080,200430
Taulan,"Les Planches, Taulan",Waadt,im Normalbetrieb,1887,441.24,560020,142640
Luterbach,Luterbach,Solothurn,im Normalbetrieb,1888,430.47,610310,229260
Meiringen 1,Meiringen,Bern,im Normalbetrieb,1889,632.5,657590,175560
Aarburg,Aarburg,Aargau,im Normalbetrieb,1889,399.1,635120,241020
Moosbrunnen 1 (Gerlafingen 1),Wiler bei Utzenstorf,Bern,im Normalbetrieb,1889,461.8,608050,222770
La Rançonnière,"Les Brenets, La Rançonnière",Neuenburg,im Normalbetrieb,1890,822.69,545090,211580
Valmara,Maroggia,Tessin,im Normalbetrieb,1890,311,719360,88710
Morteratsch,"Pontresina, Morteratsch",Graubünden,im Normalbetrieb,1890,1887.5,792280,147650
"Röllbach, Flums","Flums, Rüfi",St.Gallen,im Normalbetrieb,1890,459.66,745290,216360
Silvaplana,Silvaplana,Graubünden,im Normalbetrieb,1891,1829.5,780870,148080
Lorzentobel 1,Lorzentobel,Zug,im Normalbetrieb,1891,536.76,684600,226090
Matte,"Bern, Matte",Bern,im Normalbetrieb,1891,495,601380,199490
Sand (Rabiusa),"Chur, Sand",Graubünden,im Normalbetrieb,1892,609.85,760470,189850
Ragaz,Ragaz,St.Gallen,im Normalbetrieb,1892,519.19,756850,207510
Kappelerhof,"Baden, Chappelerhof",Aargau,im Normalbetrieb,1892,342,664380,259660
Utzenstorf,Utzenstorf,Bern,im Normalbetrieb,1893,466.66,608150,221660
Hagendorn,Hagendorn,Zug,im Normalbetrieb,1893,397.4,675690,228340
Charmey (Le Perré),"Charmey, Le Perré",Freiburg,im Normalbetrieb,1893,803.02,578790,162630
Aarau Stadt,Aarau,Aargau,im Normalbetrieb,1893,371.74,645090,249500
Niederglatt,Glattmüli,St.Gallen,im Normalbetrieb,1893,527.08,731030,254850
La Goule,Le Noirmont,Jura,im Normalbetrieb,1894,514.34,561370,230990
Frauenkirch,"Davos, Frauenkirch",Graubünden,im Normalbetrieb,1894,1519.52,780770,182470
Interlaken,"Interlaken, Kanal",Bern,im Normalbetrieb,1894,562.9,631480,170240
Le Chalet,Orbe,Waadt,im Normalbetrieb,1894,453.16,529950,175580
Bürglen (Loreto),Bürglen,Uri,im Normalbetrieb,1895,539.2,693360,192440
Töbeli,Töbeli,St.Gallen,im Normalbetrieb,1895,517.76,743400,221050
Erlenholz,Wittenbach,St.Gallen,im Normalbetrieb,1895,543,745480,258060
Waldhalde,Schönenberg,Zürich,im Normalbetrieb,1895,615.5,690190,226040
Wunderklingen,Hallau,Schaffhausen,im Normalbetrieb,1895,414,672720,283470
Moutier (Gorges de Court),Gorges de Court,Bern,im Normalbetrieb,1895,565.42,593690,234910
Plan-de-l'Eau,Brot - Dessous,Neuenburg,stillgelegt,1896,688.54,547100,200460
Plan-Dessous,Aubonne,Waadt,im Normalbetrieb,1896,462,519180,150310
Schiffmühle,"Untersiggenthal, Schiffmüli",Aargau,im Normalbetrieb,1896,340.96,662270,260100
Rathausen,Emmen,Luzern,im Normalbetrieb,1896,425,666500,214900
Taubenloch,Biel-Bözingen,Bern,im Normalbetrieb,1896,503.59,586580,223320
Giessen,"Nesslau, unterer Giessenfall",St.Gallen,im Normalbetrieb,1896,759.94,734120,231170
Montbovon,Montbovon,Freiburg,im Normalbetrieb,1896,778.5,570030,148590
"Untermühle, Cham","Friesencham, Cham",Zug,im Normalbetrieb,1897,402.39,676130,227770
Sevelen,Sevelen,St.Gallen,im Normalbetrieb,1897,474.5,755120,220900
Combe-Garot,"Boudry, Combe-Garot",Neuenburg,im Normalbetrieb,1897,532,551120,201450
Blanches-Fontaines Undervelier,"Undervelier, Blanches-Fontaine",Jura,im Normalbetrieb,1897,553,583560,238240
Rheinfelden,Rheinfelden,Aargau,im Normalbetrieb,1898,264.2,628170,268750
Sublin 1,Bex,Waadt,im Normalbetrieb,1898,555,569280,123820
Lorzentobel 2,"Lorzentobel, Nidfuren",Zug,im Normalbetrieb,1898,600.69,685060,225170
Lochmühle,"Untereggen, Lochmüli",St.Gallen,im Normalbetrieb,1898,474,750880,258540
Weissenburg,Weissenburg,Bern,im Normalbetrieb,1898,856,601950,168410
Höngg,Zürich,Zürich,im Normalbetrieb,1898,398.56,679100,250600
Spiez,Längmad am Thunersee,Bern,im Normalbetrieb,1899,561.9,617310,171740
Schwanden (Gemeinde),Schwanden,Glarus,im Normalbetrieb,1899,535,725370,206270
Massaboden,Bitsch,Wallis,im Normalbetrieb,1899,689.19,644100,131450
Löchli,"Grabs, Löchli",St.Gallen,im Normalbetrieb,1899,613,750960,226890
Glaris,"Davos, Glaris",Graubünden,im Normalbetrieb,1899,1420.62,778610,178760
"Hagneck 1 (M3,M4,M5) Dotieran.",Hagneck,Bern,im Normalbetrieb,1900,440.39,580270,212270
Linthkraft (Stiftung),Linthal,Glarus,im Normalbetrieb,1900,655.45,718640,197730
Kubel,St. Gallen,St.Gallen,im Normalbetrieb,1900,588,742280,251830
Gurtnellen,Gurtnellen,Uri,im Normalbetrieb,1900,750.15,690220,175640
Pravizin 1 (Bruggwiti),Flums,St.Gallen,im Normalbetrieb,1901,624.14,743950,216800
Champéry Etrivouez,"Etrivouez, Grand Paradis",Wallis,im Normalbetrieb,1901,1070,555240,112420
Thun (Eidg.),"Thun, Kanal (Uttigenstr.)",Bern,im Normalbetrieb,1901,553.8,613450,178950
Igiser Mülbach 1 (Landquart 1),Landquart-Fabriken,Graubünden,im Normalbetrieb,1901,541,762960,203140
Sonzier,"Montreux, Sonzier",Waadt,im Normalbetrieb,1901,707.24,560540,143350
Vouvry,"Vouvry, Haut du Village",Wallis,im Umbau,1902,469.67,557100,131790
"Gstaldenbach, Heiden","Heiden, Hinterlochen",Appenzell A.Rh.,im Normalbetrieb,1902,494.56,759020,258960
Hauterive,Hauterive,Freiburg,im Normalbetrieb,1902,573.34,576240,179800
Turgi,Turgi,Aargau,im Normalbetrieb,1902,330.86,661440,260910
Krauchbach,Matt,Glarus,im Normalbetrieb,1902,845,731000,202000
Hospental,Hospental,Uri,im Normalbetrieb,1902,1453,686580,163880
Beznau,Döttingen,Aargau,im Normalbetrieb,1902,326.34,660100,267760
Tobeläckerli,"Buchs, Steig - Aspenhölzli",St.Gallen,im Normalbetrieb,1903,549.74,753620,224790
Kandersteg (Zilfuri),"Kandersteg, Zilfuri",Bern,im Normalbetrieb,1903,1282.12,619420,149400
Bleiche,Niederurnen,Glarus,im Normalbetrieb,1903,512,721670,220420
Rossfall,Urnäsch,Appenzell A.Rh.,im Normalbetrieb,1903,871.3,739120,238960
"Moosweid, Adelboden","Adelboden, Moosweid",Bern,im Normalbetrieb,1903,1194.6,610610,149430
Preda,Preda bei Bergün,Graubünden,im Normalbetrieb,1903,1792,779300,162250
Morobbia,Giubiasco,Tessin,im Normalbetrieb,1903,264.6,721890,114180
Im Roos,Ebnat - Kappel,St.Gallen,im Normalbetrieb,1903,635.29,727980,235560
La Dernier,La Dernier,Waadt,im Normalbetrieb,1903,756.2,516740,172900
Madulain,Madulain,Graubünden,im Normalbetrieb,1903,1679.5,791400,162380
Clemgia,Scuol,Graubünden,im Normalbetrieb,1903,1194,818200,185900
Stenna (Flims),Flims,Graubünden,im Normalbetrieb,1904,1056.08,740690,188610
Ponte Brolla,"Tegna, Ponte Brolla",Tessin,im Normalbetrieb,1904,226,701340,115750
Bellerive,Soyhières,Jura,im Normalbetrieb,1905,401.82,594000,248000
Wasserauen,Rässenaueli,Appenzell I.Rh.,im Normalbetrieb,1905,891.95,749980,238540
Stechelberg,"Lauterbrunnen, Stechelberg",Bern,im Normalbetrieb,1905,907.1,635380,154930
"Wisserlen, Kerns","Kerns, Wisserlen",Obwalden,im Normalbetrieb,1905,572.68,665350,195820
Obermatt,Grafenort,Obwalden,im Normalbetrieb,1905,677.5,671330,188310
Tobel,Mels,St.Gallen,im Normalbetrieb,1906,714.6,748500,211540
Wolhusen (Geistlich),Wolhusen,Luzern,im Normalbetrieb,1906,563,648550,211750
"Blatten, am Kanal (SAK)","Oberriet, Blatten",St.Gallen,im Normalbetrieb,1906,424.11,760950,241830
Montlingen,Montlingen,St.Gallen,im Normalbetrieb,1906,418.86,761760,245360
Lienz,Lienz,St.Gallen,im Normalbetrieb,1906,429.89,757880,238130
Les Farettes,"Fontanney, Les Farettes",Waadt,im Normalbetrieb,1906,446.24,565140,129640
Zürchersmühle,Urnäsch,Appenzell A.Rh.,im Normalbetrieb,1907,769.3,740060,243980
Ticinetto,Chironico,Tessin,im Normalbetrieb,1907,600.7,708550,141890
Beulet,St. Léonard,Wallis,im Normalbetrieb,1907,543.5,598640,124090
Campocologno 1,Campocologno,Graubünden,im Normalbetrieb,1907,530.65,808640,123680
Mulin,Trin Mulin,Graubünden,im Normalbetrieb,1907,797,745060,188680
Navisence,Chippis,Wallis,im Normalbetrieb,1908,531,608300,125550
Schwanden (SNE),Schwanden,Glarus,im Normalbetrieb,1908,522,724980,206160
Montcherand,Montcherand,Waadt,im Normalbetrieb,1908,469.84,529280,175530
Martigny-Bourg,Martigny-Bourg,Wallis,im Normalbetrieb,1908,496.8,570640,104160
Innere Spinnerei,Unterägeri,Zug,im Normalbetrieb,1908,714,686010,221660
Am Löntsch,Netstal,Glarus,im Normalbetrieb,1908,481.75,722350,212990
Muslen,"Amden, Muslen",St.Gallen,im Normalbetrieb,1908,423.7,728720,222180
Lütschental,Lütschental,Bern,im Normalbetrieb,1908,726.46,639500,165250
Engeweiher,Schaffhausen,Schaffhausen,im Normalbetrieb,1909,390.78,689470,283220
Felsenau,Felsenau,Bern,im Normalbetrieb,1909,481.3,600060,201930
Ackersand 1,"Stalden, Ackersand",Wallis,im Normalbetrieb,1909,700.6,633650,121020
Refrain,Echelles de la Mort,,im Normalbetrieb,1909,549.61,557140,226460
Nesslau (Ijentalerbach),"Nesslau, Schneit",St.Gallen,im Normalbetrieb,1909,787.32,732260,231550
Aue,Baden,Aargau,im Normalbetrieb,1909,354.66,665760,258100
Dala,"Dalaloch, Leuk-Stadt",Wallis,im Normalbetrieb,1909,598,614260,129720
Gödis,"Murg, unterhalb Gödis",St.Gallen,im Normalbetrieb,1909,540.95,734800,219020
Sils (EWZ),Sils im Domleschg,Graubünden,im Normalbetrieb,1910,671.74,754880,174540
Monthey (Vièze),Monthey,Wallis,im Normalbetrieb,1910,436.2,562100,122100
Oelberg,"Fribourg, Oelberg",Freiburg,im Normalbetrieb,1910,543.25,579290,183430
Arniberg,Amsteg,Uri,im Normalbetrieb,1910,517,693740,180490
Robbia,"S. Carlo, Robbia",Graubünden,im Normalbetrieb,1910,1078.77,801840,136360
Sublin 2,Bex,Waadt,im Normalbetrieb,1911,558,569280,123820
Kandergrund,Inner-Kandergrund,Bern,im Normalbetrieb,1911,853.15,616940,154630
Chippis-Rhône,Chippis,Wallis,im Normalbetrieb,1911,527,608390,125620
Wyhlen,Grenzach-Wyhlen,,im Normalbetrieb,1912,255.99,620260,265370
Strick,Sennwald,St.Gallen,im Normalbetrieb,1912,493.22,755700,236560
Augst,Augst,Basel-Landschaft,im Normalbetrieb,1912,245,620410,265150
"Elggiskraft, Netstal",Netstal,Glarus,im Normalbetrieb,1912,452.4,723200,213800
"Zwingen, Obermatt",Zwingen,Basel-Landschaft,im Normalbetrieb,1913,342.19,606440,253970
Kallnach,Kallnach,Bern,im Normalbetrieb,1913,433.55,584000,207850
Pont de la Tine,"Ormont-Dessous, Le Pont",Waadt,im Normalbetrieb,1913,819.8,569660,133050
"Lüen (Plessur, Clasaurer)","Lüen, Tewald",Graubünden,im Normalbetrieb,1914,772.09,765360,188650
Laufenburg,Laufenburg,Aargau,im Normalbetrieb,1914,293.22,645930,267420
Choindez,Choindez,Jura,im Normalbetrieb,1914,454,595450,241270
Realp,Realp,Uri,im Normalbetrieb,1914,1541,681500,161450
Usine du Chanet,Boudry,Neuenburg,im Normalbetrieb,1914,459,553590,201090
Blatten,Blatten,Wallis,im Normalbetrieb,1915,1570,629480,141360
Bramois (Groupes 1 à 4),Bramois,Wallis,im Normalbetrieb,1915,532.15,597450,119340
Sorniot (Centrale de pompage),"Fully, Lac Inf. dé Fully",Wallis,stillgelegt,1915,1988.94,573860,112880
AAREwerk 94 Thun,Thun,Bern,im Normalbetrieb,1917,547.19,613880,178960
Soor,Bütschwil,St.Gallen,im Normalbetrieb,1917,575,723880,246360
Gösgen,Niedergösgen,Solothurn,im Normalbetrieb,1917,379.24,640850,246650
Blumenstein,Blumenstein,Bern,im Normalbetrieb,1918,768.8,605710,175170
Ritom,Piotta,Tessin,im Normalbetrieb,1920,1007.24,694900,152520
Pilgersteg,Rüti,Zürich,im Normalbetrieb,1920,501,708480,236320
Bassecourt,"Chez Theurillat, Haute-Sorne",Jura,im Normalbetrieb,1920,489,584380,242260
"Mühlefuhr, Ennenda",Ennenda,Glarus,im Normalbetrieb,1920,482.26,724970,209700
Mühleberg,Buttenried,Bern,im Normalbetrieb,1920,470.5,588270,202020
Eglisau,Zweidlen,Zürich,im Normalbetrieb,1920,343.99,677850,269870
Solis,Vaz/Obervaz,Graubünden,im Normalbetrieb,1920,824.09,759620,172200
Unteraa (Lungerersee),Giswil,Obwalden,im Normalbetrieb,1921,481.5,656150,185850
"Brummbach, Linthal","Linthal, Stachelberg",Glarus,im Normalbetrieb,1921,640.5,719080,198580
Broc,Broc,Freiburg,im Normalbetrieb,1921,682,574770,162120
Calcaccia,"Airolo, Launc",Tessin,im Normalbetrieb,1922,1065,691770,152720
Küblis,Küblis,Graubünden,im Normalbetrieb,1922,821.84,778490,198540
Schwarzhäusern,Schwarzhäusern,Bern,im Normalbetrieb,1923,410.64,626250,234050
Amsteg,Amsteg,Uri,im Normalbetrieb,1923,527.5,694280,180250
Châtelard-Barberine 1 + 2,Le Châtelard,Wallis,im Normalbetrieb,1923,1124.4,562850,101280
Bernina (Centrale di pomp.),"Poschiavo, Bernina",Graubünden,im Normalbetrieb,1923,2234.7,798430,142840
"Linthkraft, Netstal",Netstal,Glarus,im Normalbetrieb,1923,449,723190,214910
Turtmann,"Turtmann, Müllacheren",Wallis,im Normalbetrieb,1925,634.4,619060,127140
Chancy-Pougny,Avully / Chancy,Genf,im Normalbetrieb,1925,348.55,487060,113160
Klosters,Klosters,Graubünden,im Normalbetrieb,1925,1196.74,787320,192920
Tremorgio,Rodi-Fiesso,Tessin,im Normalbetrieb,1925,948.5,699660,149590
Trempel,"Trempel, Ebnat-Kappel",St.Gallen,im Normalbetrieb,1925,680,730580,234610
"Risi, Näfels",Näfels,Glarus,im Normalbetrieb,1925,444.7,722840,217230
Rempen,"Vorderthal, Rempen",Schwyz,im Normalbetrieb,1926,647.5,710670,221850
Oberems (Argessa),Oberems,Wallis,im Normalbetrieb,1926,1372.05,619280,125790
Siebnen,Siebnen,Schwyz,im Normalbetrieb,1926,451.6,710790,225550
Stampa,Sonvico,Tessin,im Normalbetrieb,1926,346.75,718890,100770
Meretschi (Pumpzentrale),"Oberems, Meretschialp",Wallis,im Normalbetrieb,1926,2273.2,616750,123290
Vernayaz (CFF),Vernayaz,Wallis,im Normalbetrieb,1927,456,568880,109160
Cavaglia,"Poschiavo, Cavaglia",Graubünden,im Normalbetrieb,1927,1706.24,799860,138500
La Peuffeyre,La Peuffeyre,Waadt,im Normalbetrieb,1927,735.5,570940,123910
Oberterzen (Büeli),Oberterzen,St.Gallen,im Normalbetrieb,1927,760,738230,218220
Palü,"Poschiavo, Alpe Palü",Graubünden,im Normalbetrieb,1927,1954.54,799280,138970
Altendorf (Buchs),"Buchs, Altendorf",St.Gallen,im Normalbetrieb,1928,485.7,753810,224880
Schlappin,Klosters-Dorf,Graubünden,im Normalbetrieb,1928,1180.54,785940,195550
Riedji,"Stalden, Riedji",Wallis,im Normalbetrieb,1929,1428,634820,120980
Trient,Le Châtelard,Wallis,im Normalbetrieb,1929,1118.7,562980,100870
Rüchlig,Aarau,Aargau,im Normalbetrieb,1929,363,646140,250060
Sembrancher,"Sembrancher, Les Moulins",Wallis,im Normalbetrieb,1929,728,578190,103110
Leuggelbach,Leuggelbach,Glarus,im Normalbetrieb,1930,550,722390,204180
Champsec,Champsec,Wallis,im Normalbetrieb,1930,903.3,585250,100640
Bocki 1,"Erstfeld, Ripshusen",Uri,im Normalbetrieb,1931,465.1,691040,188450
Schwanden (Sernf),Schwanden,Glarus,im Normalbetrieb,1931,537.6,725380,206280
Schwanden (Niederenbach),Schwanden,Glarus,im Normalbetrieb,1931,537.6,725380,206280
Mels (KW Stoffel),"Mels, Steigs",St.Gallen,im Normalbetrieb,1931,536.7,750220,212140
Orsières,Orsières,Wallis,im Normalbetrieb,1931,924,577050,96660
Emmenweid,Emmenbrücke,Luzern,im Normalbetrieb,1931,443.99,662670,213220
Ryburg-Schwörstadt,Schwörstadt,,im Normalbetrieb,1931,277.74,629700,270700
Kembs,"Kembs, Loechle",,im Normalbetrieb,1932,241.5,606070,278260
Islas,Celerina,Graubünden,im Normalbetrieb,1932,1718.45,785620,153340
Handeck 1,Handegg,Bern,im Normalbetrieb,1932,1309.64,666560,163210
Piottino,"Lavorgo, Nivo di Chironico",Tessin,im Normalbetrieb,1932,610.5,707690,143960
Albbruck,Albbruck,,im Umbau,1933,307.59,652230,270800
"Roseg, Samedan","Roseg, Samedan",Graubünden,im Normalbetrieb,1933,1724.1,787200,154070
Wettingen,Wettingen,Aargau,im Normalbetrieb,1933,363.6,666530,256630
Dietikon,Dietikon,Zürich,im Normalbetrieb,1933,387.2,673160,251510
Klingnau,"Klingnau, Gippingen",Aargau,im Normalbetrieb,1935,320,659200,271840
Stalvedro (Julia),Bivio,Graubünden,im Normalbetrieb,1936,1713.67,769430,149970
Oberrickenbach,Oberrickenbach,Nidwalden,im Normalbetrieb,1937,890,674900,192600
Etzelwerk Altendorf,Altendorf,Schwyz,im Normalbetrieb,1937,415.9,704140,227930
Engstligenalp,"Adelboden, Engstligenalp",Bern,im Normalbetrieb,1937,1868.84,609460,144210
Luchsingen,Luchsingen,Glarus,im Normalbetrieb,1940,595.8,721520,202900
Stalden (Kloster),"Engelberg, Stalden",Obwalden,im Normalbetrieb,1941,1066.7,676860,184320
Reckingen,Reckingen,,im Normalbetrieb,1941,329.74,667680,269310
Nenzlingen,Nenzlingen,Basel-Landschaft,im Normalbetrieb,1942,333.02,608240,254790
Silliboden,Brig-Glis,Wallis,im Normalbetrieb,1942,768,643570,128270
Riddes (l'eau potable),"Riddes, Pied du Mont",Wallis,im Normalbetrieb,1942,557,583760,113070
Niederlenz,Niederlenz,Aargau,im Normalbetrieb,1943,380,655680,250080
Pravizin 2 (Äuli),Flums,St.Gallen,im Normalbetrieb,1943,624.39,743950,216770
Trun,Trun,Graubünden,im Normalbetrieb,1943,871,718280,178090
Verbois,Russin,Genf,im Normalbetrieb,1943,355,491050,116530
Tsi (Centrale de pompage),Pt. de la Tsi / Liddes,Wallis,im Normalbetrieb,1943,1207,579480,93760
Innertkirchen 1 / 1a,Innertkirchen,Bern,im Normalbetrieb,1943,640,661200,172520
Bévieux,Le Bévieux,Waadt,im Normalbetrieb,1943,476.4,568400,123300
Mörel,Mörel,Wallis,im Normalbetrieb,1943,737.5,646430,133600
Pintrun,Trin,Graubünden,im Normalbetrieb,1944,613.8,745770,186630
Rupperswil,Auenstein,Aargau,im Normalbetrieb,1945,357.25,651030,251440
Wolfenschiessen,Wolfenschiessen,Nidwalden,im Normalbetrieb,1945,515.71,673000,194900
Rupperswil-Dotierzentrale,Rupperswil,Aargau,im Normalbetrieb,1945,351.4,650990,251300
Moos,Grellingen,Basel-Landschaft,im Normalbetrieb,1945,322.75,610750,254230
Val Strem,Sedrun,Graubünden,im Normalbetrieb,1945,1344.37,701420,170140
Sittertal,"St. Gallen, Sittertal",St.Gallen,im Normalbetrieb,1945,582.5,742240,252730
Herrentöbeli,Krummenau,St.Gallen,im Normalbetrieb,1945,707,731670,234110
Diesbach (Linth),Diesbach,Glarus,im Normalbetrieb,1945,588.06,720990,201230
Klusi,Erlenbach,Bern,im Normalbetrieb,1946,796.45,608390,168080
Tavanasa / Obersaxen (AHSAG),Tavanasa,Graubünden,im Normalbetrieb,1946,775.1,724700,179470
Sand (Plessur),"Chur, Sand",Graubünden,im Normalbetrieb,1947,610.1,760470,189850
Thur,Bürglen,Thurgau,im Normalbetrieb,1947,437.5,728270,268010
Niollet 1,"Le Niollet, Champex",Wallis,im Normalbetrieb,1947,1340.55,575430,96760
Tremola/Sella (Cent.di pomp.),Cap.dei Morti,Tessin,im Normalbetrieb,1947,2041.1,686930,156300
Airolo,Airolo,Tessin,im Normalbetrieb,1947,1139,688930,153440
Russein,Somvix,Graubünden,im Normalbetrieb,1947,962.8,711610,175380
Plons,"Plons, Gmde. Mels",St.Gallen,im Umbau,1948,478.2,749010,213310
Gsteig,Gsteig b.Gstaad,Bern,im Normalbetrieb,1948,1178,586920,137110
"Mühle, Weinfelden",Weinfelden,Thurgau,im Normalbetrieb,1948,424.7,724940,269100
Tiefencastel West,Tiefencastel,Graubünden,im Normalbetrieb,1949,826.3,762540,170330
Wiesti,Zermatt,Wallis,im Normalbetrieb,1949,1596.5,624310,97030
Realta,Rothenbrunnen,Graubünden,im Normalbetrieb,1949,622,751180,181210
Laufen (Wasserfall),Laufen,Basel-Landschaft,im Normalbetrieb,1949,348.15,604720,252100
Wassen  (Pfaffensprung),Pfaffensprung,Uri,im Normalbetrieb,1949,812.75,689570,174490
Giessbach,Brienz,Bern,im Normalbetrieb,1949,567.5,644350,176080
Grossbach,"Wangs, Gaschiels",St.Gallen,im Normalbetrieb,1950,494,752250,210250
Meiringen 2,"Meiringen, Haselholz",Bern,im Normalbetrieb,1950,839.5,657940,175900
Fätschbach,Linthal,Glarus,im Normalbetrieb,1950,683.2,718010,197210
Merlen,"Murgtal, Merlen",St.Gallen,stillgelegt,1950,1100.5,733590,215040
Miéville,"Vernayaz, Miéville",Wallis,im Normalbetrieb,1950,452.9,568340,110630
Lavey,Lavey,Waadt,im Normalbetrieb,1950,409.3,567150,118200
Handeck 2 / 2a ,Handegg,Bern,im Normalbetrieb,1950,1311.4,666260,162970
Ceresa 1,Faido,Tessin,im Normalbetrieb,1950,804.5,703610,149150
Clusanfe (Centrale de pompage),Clusanfe,Wallis,im Normalbetrieb,1950,1898,557300,109430
Cleuson (Centrale de pompage),"Siviez, Cleuson",Wallis,im Normalbetrieb,1950,2110,590970,106810
Campocologno 2,Campocologno,Graubünden,im Normalbetrieb,1950,521,808760,123530
Aletsch,Mörel,Wallis,im Normalbetrieb,1951,744,646500,133800
Neuhausen,Neuhausen,Schaffhausen,im Normalbetrieb,1951,363.54,688330,281690
Sassello,Roveredo,Graubünden,im Normalbetrieb,1951,284.2,729570,122250
Gondo,"Gondo, San Marco",Wallis,im Normalbetrieb,1952,800,654960,116310
Bramois (Groupe 7),Bramois,Wallis,im Normalbetrieb,1953,520.25,597480,119370
Le Châtelot,Les Planchettes,Neuenburg,im Normalbetrieb,1953,621.5,549560,219100
Wildegg-Brugg-Dotierzentrale,Schinznach-Dorf,Aargau,im Normalbetrieb,1953,344.5,654630,255880
Verbano 1,Brissago,Tessin,im Normalbetrieb,1953,203,698780,109730
Wildegg-Brugg,Villnachern,Aargau,im Normalbetrieb,1953,343,655130,257820
Tannuwald,"Gondo, Tannuwald",Wallis,im Normalbetrieb,1953,1395.3,651710,111160
Grimsel 1 (Oberaarsee),"Grimsel, Sommerloch u.Hospiz",Bern,im Normalbetrieb,1954,1770.7,668600,158620
Ernen,Niederernen,Wallis,im Normalbetrieb,1954,998.35,653190,137990
Tinizong,Tinizong,Graubünden,im Normalbetrieb,1954,1200.3,766460,161330
Talbach,"Mols, Tal",St.Gallen,im Normalbetrieb,1954,504,739030,219350
Isenthal (Bolzbach),Seedorf,Uri,im Normalbetrieb,1955,436.7,687990,194880
Peccia (Sambuco),Piano di Peccia,Tessin,im Normalbetrieb,1955,1036.5,690170,141150
Les Clées,Les Clées,Waadt,im Normalbetrieb,1955,574.3,524050,176030
Birsfelden,Birsfelden,Basel-Landschaft,im Normalbetrieb,1955,256,614130,267700
Cavergno,Cavergno,Tessin,im Normalbetrieb,1955,529,689030,134240
La Jougnenaz,Vallorbe,Waadt,im Normalbetrieb,1955,744.25,520340,175200
Bisisthal,Bisisthal,Schwyz,im Normalbetrieb,1956,787.8,705770,200440
St-Léonard,"St-Léonard, Mangol",Wallis,im Normalbetrieb,1956,502.5,600470,123240
Riddes,"Riddes, Ecône",Wallis,im Normalbetrieb,1956,477.14,582280,111800
Bürglen (Säge),Bürglen,Thurgau,im Normalbetrieb,1956,438,728990,267690
Le Furcil,"Noiraigue, Le Furcil",Neuenburg,im Normalbetrieb,1956,717.2,546200,200530
Rheinau,Rheinau,Zürich,im Normalbetrieb,1956,358,687400,277120
Fionnay (Dixence),Fionnay,Wallis,im Normalbetrieb,1957,1490.65,589530,98250
Diablerets,"Les Diablerets, Le Plan",Waadt,im Normalbetrieb,1957,1165.3,578140,133560
"Eichi, Alpnach","Alpnach, Eichibrücke",Obwalden,im Normalbetrieb,1957,438.9,664660,199200
Bäch,Bäch,Schwyz,im Normalbetrieb,1957,410.8,697490,228510
Piani di Verdabbio,Piani di Verdabbio,Graubünden,im Normalbetrieb,1957,366.73,733750,127450
Sustli,Beckenried,Nidwalden,im Normalbetrieb,1957,436,679510,201940
Safien Platz,Safien Platz,Graubünden,im Normalbetrieb,1957,1296.5,743620,171340
Gabi,Gabi,Wallis,im Normalbetrieb,1957,1301.5,648750,115390
Chamarin,Chamarin / Ayent,Wallis,im Normalbetrieb,1957,1388.7,599470,129270
Croix,Croix / Ayent,Wallis,im Normalbetrieb,1957,921.7,599650,128530
Zervreila,"Vals, Staumauer Zervreila",Graubünden,im Normalbetrieb,1958,1735,728820,160010
Mottec,"Ayer, Mottec",Wallis,im Normalbetrieb,1958,1563,614010,111300
Vissoie,"Ayer, Vissoie",Wallis,im Normalbetrieb,1958,1122,611370,117620
"Vissoie ""groupe auxiliaire""","Ayer, Vissoie",Wallis,im Normalbetrieb,1958,1122.35,611370,117620
Muranzina,Sta.Maria,Graubünden,im Normalbetrieb,1958,1451.5,829000,164950
Lostallo,"Lostallo, Rura",Graubünden,im Normalbetrieb,1958,441.8,736340,131600
Rothenbrunnen (KWZ),Rothenbrunnen,Graubünden,im Normalbetrieb,1958,622.4,751200,181320
Pallazuit,Liddes,Wallis,im Normalbetrieb,1958,1330.5,580690,92200
Fionnay (Mauvoisin),Fionnay,Wallis,im Normalbetrieb,1958,1495.1,589880,97660
Löbbia (Albigna),Casaccia,Graubünden,im Normalbetrieb,1959,1421,770810,138370
Ackersand 2,"Stalden, Ackersand",Wallis,im Normalbetrieb,1959,700.6,633600,121070
Merezenbach,"Münster, Moos ",Wallis,im Normalbetrieb,1959,1337.2,664400,148610
Bannwald (Grabs),"Grabs, Bannwald",St.Gallen,im Normalbetrieb,1959,824,749960,226520
Kleintal (Isenthal),Isenthal,Uri,im Normalbetrieb,1959,767.3,685600,196050
Biasca,Biasca,Tessin,im Normalbetrieb,1959,280,718880,132680
Castasegna,Castasegna,Graubünden,im Normalbetrieb,1959,684,759890,133750
Erlenbach,Erlenbach,Bern,im Normalbetrieb,1959,683.5,608380,167300
Mutteins,Tavanasa,Graubünden,im Normalbetrieb,1960,776,724760,179840
Hinterthal (Muota),Muotathal,Schwyz,im Normalbetrieb,1960,639.4,702260,203090
Hinterthal (Hüribach),Muotathal,Schwyz,im Normalbetrieb,1960,639.4,702260,203090
Hugschwendi,"Kerns, Stöckalp",Obwalden,im Normalbetrieb,1960,1060.5,664340,183510
Saas-Fee,"Saas-Fee, Wichulti",Wallis,im Normalbetrieb,1960,1676.65,638520,107320
Nendaz,Riddes,Wallis,im Normalbetrieb,1960,479,585550,114630
Löbbia (Forno),Casaccia,Graubünden,im Normalbetrieb,1960,1421,770810,138370
"Löbbia, Pumpe Forno (Pumpzen.)",Casaccia,Graubünden,im Normalbetrieb,1960,1421,770810,138370
Murkart,Matzingen,Thurgau,im Normalbetrieb,1960,423.34,711110,266240
Isch,Grindelwald,Bern,im Normalbetrieb,1960,1050,646840,164090
Ardon,Ardon,Wallis,im Normalbetrieb,1960,510.95,585950,118380
"Fuhren (Gental), Innertkirchen","Underi-Furen, Innertkirchen",Bern,im Normalbetrieb,1961,1134.5,668420,175500
"Fuhren (Pumpzentrale), Innertk","Underi-Furen, Innertkirchen",Bern,im Normalbetrieb,1961,1134.5,668420,175500
Göschenen (Andermatt),Göschenen,Uri,im Normalbetrieb,1961,1097,687750,169100
Rütiberg (Obersee),Rütiberg / Näfels,Glarus,im Normalbetrieb,1961,827.5,721370,217080
Stafel (Centrale de pompage),Stafel,Wallis,im Normalbetrieb,1961,2179,618550,94830
Soazza,Soazza,Graubünden,im Normalbetrieb,1961,481.5,736530,133880
Lona,"Grimentz-Lona, Val de Moiry",Wallis,im Normalbetrieb,1961,2272,608280,111530
Sihl-Höfe,Wollerau,Schwyz,im Normalbetrieb,1961,713.75,694280,225900
Sils (KHR),"Sils, Nisellas",Graubünden,im Normalbetrieb,1961,672.5,755080,174440
Lizun,Casaccia,Graubünden,im Normalbetrieb,1961,1424.25,770720,139000
Oberalp,Andermatt,Uri,im Normalbetrieb,1961,1468.2,689450,165300
Ferrera 1,Ausserferrera,Graubünden,im Normalbetrieb,1962,1399.8,753080,155460
Göschenen (Göscheneralp),Göschenen,Uri,im Normalbetrieb,1962,1097,687750,169100
Sahli (Ruosalp),"Bisisthal, Sahli",Schwyz,im Normalbetrieb,1962,1137.95,707160,197240
Spina (Isola),"Mesocco, Spina",Graubünden,im Normalbetrieb,1962,1192.85,735910,143730
Bondo,Bondo,Graubünden,stillgelegt,1962,800.7,762650,133590
Dallenwil,Wolfenschiessen,Nidwalden,im Normalbetrieb,1962,507.5,672750,196060
AAREwerk 62 Thun,Thun,Bern,im Normalbetrieb,1962,557.8,613350,178960
Reichenau,Domat-Ems,Graubünden,im Normalbetrieb,1962,577,753220,189360
Simmenfluh,Simmenfluh (Wimmis),Bern,im Normalbetrieb,1962,632.15,614080,169080
Unterschächen,Unterschächen,Uri,im Normalbetrieb,1962,989,701020,191090
Tavanasa (KVR),Tavanasa,Graubünden,im Normalbetrieb,1962,797.4,722880,179020
Bärenburg,Andeer,Graubünden,im Normalbetrieb,1962,1065,751940,161800
Olivone,Olivone,Tessin,im Normalbetrieb,1962,1019.5,715860,155380
Ferrera 2,Ausserferrera,Graubünden,im Normalbetrieb,1963,1395.6,753080,155460
Niederried,"Niederried, Radelfingen",Bern,im Normalbetrieb,1963,459.05,584980,205810
Bocki 2,"Erstfeld, Ripshusen",Uri,im Normalbetrieb,1963,465.1,691040,188450
Arolla (Centrale de pompage),Arolla,Wallis,im Normalbetrieb,1963,2008,603500,95780
Monthey (Tine),"Monthey, Les Nants",Wallis,im Normalbetrieb,1963,437.2,562100,122100
Spina (Valbella),"Mesocco, Spina",Graubünden,im Normalbetrieb,1963,1192.85,735910,143730
"Löbbia,Pumpe Murtaira (Pumpz.)",Murtaira,Graubünden,im Normalbetrieb,1963,1969.5,772050,137750
Hospitalet,L'Hospitalet,Wallis,im Normalbetrieb,1963,1920.92,580480,81630
Luzzone,Ghirone,Tessin,im Normalbetrieb,1963,1492,716700,158240
Bargaus,Sagogn,Graubünden,im Normalbetrieb,1963,666.31,740090,184080
Obermatt-Nebenzentrale,Grafenort,Obwalden,im Normalbetrieb,1963,657.5,671150,188400
Tierfehd (Limmern),"Linthal, Tierfehd",Glarus,im Normalbetrieb,1964,816.3,718030,192830
Tierfehd (Hintersand),"Linthal, Tierfehd",Glarus,im Normalbetrieb,1964,816.3,718030,192830
Linthal (Limmern),Linthal,Glarus,im Normalbetrieb,1964,683.2,718010,197210
Ferpècle (Centrale de pompage),Ferpècle,Wallis,im Normalbetrieb,1964,1834,608500,100860
Chanrion,"Fionnay, Mauvoisin",Wallis,im Normalbetrieb,1964,1965.5,593180,94250
Schiffenen,Schiffenen,Freiburg,im Normalbetrieb,1964,497,581370,192430
Schaffhausen,Schaffhausen,Schaffhausen,im Normalbetrieb,1964,389.65,689470,283180
Muttsee,"Linthal, Ochsenstafel",Glarus,stillgelegt,1965,1869.65,720060,189570
Z'Mutt (Centrale de pompage),Z'Mutt,Wallis,im Normalbetrieb,1965,1908.3,620950,95000
Gordola,Gordola,Tessin,im Normalbetrieb,1965,200,708880,116840
Stalden (KWM),Stalden,Wallis,im Normalbetrieb,1965,715.1,632290,119950
Rappental,Rappental,Wallis,im Normalbetrieb,1965,1725,656880,138400
Grono,"Grono, Oltra",Graubünden,im Normalbetrieb,1965,317,732260,122620
Neubrigg / Mubisa,Neubrigg,Wallis,im Normalbetrieb,1965,1007,653500,138550
Giétroz du Fond (C.de pomp.),Giétroz du Fond,Wallis,im Normalbetrieb,1965,1805.75,556960,109950
Bavona,San Carlo,Tessin,im Normalbetrieb,1966,1050.5,684500,140480
Kembs-Centrale de dotation 1,Barrage de Kembs,,im Normalbetrieb,1966,233,609900,274320
Zermeiggern,"Saas Almagell, Zermeiggern",Wallis,im Normalbetrieb,1966,1739,640060,103560
Biaschina,Personico,Tessin,im Normalbetrieb,1966,312.5,714670,135930
Innergsteig,Innergsteig,Bern,im Normalbetrieb,1966,1196.5,587640,136130
Wernisberg,Ibach,Schwyz,im Normalbetrieb,1966,467.9,692230,205730
"Arni, Engelberg",Engelberg,Obwalden,im Normalbetrieb,1966,994,672340,185800
Säckingen,Bad Säckingen,,im Normalbetrieb,1966,288.41,639000,267590
Unterbäch,Unterbäch,Wallis,im Normalbetrieb,1966,1222,627650,126100
Hopflauenen (Trift),Hopflauenen,Bern,im Normalbetrieb,1967,866.35,664140,174110
Hopflauenen (Leimboden),Hopflauenen,Bern,im Normalbetrieb,1967,866.35,664140,174110
Innertkirchen 2,Innertkirchen,Bern,im Normalbetrieb,1967,628.55,660210,173340
Bürglen (Unterschächen),Bürglen,Uri,im Normalbetrieb,1967,539.2,693360,192440
"Löbbia, Pumpe Maira (Pumpzen.)",Casaccia,Graubünden,im Normalbetrieb,1967,1421.2,770810,138370
Engelberg (Trübsee),Engelberg,Obwalden,im Normalbetrieb,1967,994.87,672750,185480
Giumaglio,"Someo, Giumaglio",Tessin,im Normalbetrieb,1967,354.7,694880,126410
Altstafel,"Ulrichen, Altstafel",Wallis,im Normalbetrieb,1967,1973.2,671500,146740
Filisur,Filisur,Graubünden,im Normalbetrieb,1967,998,772200,171210
Sedrun 1,Sedrun,Graubünden,im Normalbetrieb,1968,1314.5,701770,169620
Aarberg,Aarberg,Bern,im Normalbetrieb,1968,449.15,587330,209660
Robiei,Robiei,Tessin,im Normalbetrieb,1968,1887,682240,144300
Sedrun 2,Sedrun,Graubünden,im Normalbetrieb,1968,1314.5,701770,169620
Bärenburg-Dotierzentrale,Andeer,Graubünden,im Normalbetrieb,1968,1031.31,751940,161800
Stalvedro (AET),Piotta,Tessin,im Normalbetrieb,1968,1001.9,695080,152540
Thusis,Thusis,Graubünden,im Normalbetrieb,1968,687.7,753300,172950
Punt dal Gall-Dotierzentrale,Zernez,Graubünden,im Normalbetrieb,1969,1694.9,810930,167280
Göschenen (Unterdorf),Göschenen,Uri,im Normalbetrieb,1969,1085.2,687700,169150
Saflisch,"Heiligkreuz, Längtal",Wallis,im Normalbetrieb,1969,1436,656580,132650
Litzirüti,Litzirüti,Graubünden,im Normalbetrieb,1969,1399.5,773060,185710
Bitsch (Biel),"Bitsch, Biel",Wallis,im Normalbetrieb,1969,701.4,643810,131520
Ova Spin-Dotierzentrale,Zernez,Graubünden,im Normalbetrieb,1969,1577,806990,173240
Tiefencastel Ost,Tiefencastel,Graubünden,im Normalbetrieb,1970,827,762540,170330
Sahli (Glattalp),"Bisisthal, Sahli",Schwyz,im Normalbetrieb,1970,1137.95,707160,197240
Ova Spin,Zernez,Graubünden,im Normalbetrieb,1970,1591.5,806990,173240
Spissermühle (Schergenbach),Samnaun-Compatsch,Graubünden,im Normalbetrieb,1970,1512.35,827000,205350
Bannwil,Bannwil,Bern,im Normalbetrieb,1970,410.5,622240,230980
Flumenthal,Riedholz,Solothurn,im Normalbetrieb,1970,422.7,611460,230920
Pradella,Scuol,Graubünden,im Normalbetrieb,1970,1138.5,820940,187790
Balavaud,Balavaud / Ardon,Wallis,im Normalbetrieb,1971,743.5,585960,118850
Heiligkreuz,Heiligkreuz,Wallis,im Normalbetrieb,1971,1410,656700,133180
Veytaux ,"Veytaux, Chillon",Waadt,im Normalbetrieb,1972,375.95,561020,140000
Tenero-Centrale di dotazione,Tenero,Tessin,im Normalbetrieb,1972,211.85,709230,115450
Lessoc,Lessoc,Freiburg,im Normalbetrieb,1973,750.8,570420,150600
Verbano 2,Brissago,Tessin,im Normalbetrieb,1973,203,698830,109770
Ladral,Waltensburg,Graubünden,im Normalbetrieb,1973,744,728320,181400
Grimsel 1 (Grimselsee),"Grimsel, Sommerloch, u.Hospiz",Bern,im Normalbetrieb,1974,1770.7,668600,158620
Neues Sägengüetli,Flums,St.Gallen,im Normalbetrieb,1974,472.2,744360,217040
Bremgarten-Zufikon,Bremgarten,Aargau,im Normalbetrieb,1975,372.2,668540,244040
Fieschertal,Fieschertal,Wallis,im Normalbetrieb,1975,1124,654000,141880
Handeck 3 (Isogyre),Handegg,Bern,im Normalbetrieb,1976,1250,666220,163080
Rossens-Centrale de dotation 1,Rossens,Freiburg,im Normalbetrieb,1976,612,575060,174130
Lötschen,Steg-Hohtenn,Wallis,im Normalbetrieb,1976,647.2,623540,129860
Rothenbrunnen (EWZ),Rothenbrunnen,Graubünden,im Normalbetrieb,1976,616,751390,182220
Mapragg,Vadura,St.Gallen,im Normalbetrieb,1977,849,755490,201730
Rütiberg (Brändbach),Rütiberg / Näfels,Glarus,im Normalbetrieb,1977,827.5,721370,217080
Sauterôt (Hérémence LYSA),"Hérémence, Sauterot",Wallis,im Normalbetrieb,1977,933.4,597520,113170
Sarelli,Bad Ragaz,St.Gallen,im Normalbetrieb,1978,514.6,759770,205030
Châtelard-Vallorcine,Vallorcine,,im Normalbetrieb,1978,1125,562100,100040
Châtelard-Vallorcine (C.pomp.),Vallorcine,,im Normalbetrieb,1978,1125,562100,100040
La Bâtiaz,Martigny,Wallis,im Normalbetrieb,1978,462,570860,106550
Triège (Centrale de pompage),"Salvan, Alpage de Barberine",Wallis,im Normalbetrieb,1978,1908,559720,103940
Val Giuv,Rueras,Graubünden,im Normalbetrieb,1979,1370.49,700400,169740
Grimsel 2,"Grimsel, Chessituren",Bern,im Normalbetrieb,1981,1760,667520,157800
Pont-Neuf,Martigny-Combe,Wallis,im Normalbetrieb,1981,575,570350,102480
Aboyeu,Collonges,Wallis,im Normalbetrieb,1981,450.5,568750,114580
Valeis,Vilters,St.Gallen,im Normalbetrieb,1982,522,752750,209980
Jaun,Jaun,Freiburg,im Normalbetrieb,1982,966.78,587030,161930
Vorderberg,"Buchs, Waldrand",St.Gallen,im Normalbetrieb,1987,1081.23,752220,223950
Zermeiggern (Pumpzentrale),"Saas Almagell, Zermeiggern",Wallis,im Normalbetrieb,1987,1723,640130,103760
St.Sulpice,St.Sulpice,Neuenburg,im Normalbetrieb,1988,750.9,532870,195880
Igiser Mülbach 2 (Landquart 2),Landquart-Fabriken,Graubünden,im Normalbetrieb,1988,520.5,761980,202610
"La Douve, Aigle","Aigle, En la Douve",Waadt,im Normalbetrieb,1989,650,567400,130800
"Widen, Weinfelden","Weinfelden, untere Widen",Thurgau,im Normalbetrieb,1989,417.5,723310,269510
Tiefencastel (ALK),Tiefencastel,Graubünden,im Normalbetrieb,1989,850.9,763840,169970
Ilanz 1,Ilanz,Graubünden,im Normalbetrieb,1990,702,734150,181900
Sufers-Dotieranlage,Sufers,Graubünden,im Normalbetrieb,1990,1360,748800,159200
"Wannebode, Reckingen",Reckingen,Wallis,im Normalbetrieb,1990,1362,662580,146320
Ganterbrücke,Ried-Brig,Wallis,im Normalbetrieb,1990,1369,647940,127560
Bortelalp,Ried-Brig,Wallis,im Normalbetrieb,1990,1968.3,650050,127100
Peccia (Corgello),Piano di Peccia,Tessin,im Normalbetrieb,1991,1036.5,690170,141150
Plancanin,Plancanin,Graubünden,im Normalbetrieb,1991,1986.8,774980,137260
Sella,Motti della Bolla,Tessin,im Normalbetrieb,1991,2139,688040,156330
Chasseras,Müstair/Chasseras,Graubünden,im Normalbetrieb,1991,1278.05,829970,166930
Ilanz 2,Ilanz,Graubünden,im Normalbetrieb,1992,702,734150,181900
Täschbach,Täsch,Wallis,im Normalbetrieb,1992,1475.65,626500,101800
Monthey (Commune),Monthey,Wallis,im Normalbetrieb,1992,431,561890,122140
Champagna 1,Samedan,Graubünden,im Normalbetrieb,1992,1702.3,788270,157460
STEP Vallée Bagnes,"Le Châble, Bagnes",Wallis,im Normalbetrieb,1993,803,581780,103500
Plätz,"Murgtal, Unter Plätz",St.Gallen,im Normalbetrieb,1994,706.69,734320,217230
Baltschieder,Baltschieder,Wallis,im Normalbetrieb,1994,810,633360,128550
Seujet,Genève,Genf,im Normalbetrieb,1994,368.8,499340,117690
Chasura,Strada,Graubünden,im Normalbetrieb,1994,1215,828450,195380
Martina,Martina,Graubünden,im Normalbetrieb,1994,1035.7,830590,196780
Pfungen,Neftenbach,Zürich,im Normalbetrieb,1994,383.5,690550,264110
Gärsterna,Ried-Brig,Wallis,im Normalbetrieb,1995,1150,645860,129600
Empächli,Elm,Glarus,im Normalbetrieb,1995,1440,730980,198240
Brügg,Brügg,Bern,im Normalbetrieb,1995,421.7,586300,218700
Wynau,Oberwynau,Bern,im Normalbetrieb,1996,400,626350,233920
Engstlige,Adelboden,Bern,im Umbau,1996,1135.2,611060,150630
Niollet 2,Orsières,Wallis,im Normalbetrieb,1996,924,577060,96670
Interlaken-Dotierzentrale,Unterseen,Bern,im Normalbetrieb,1996,560.2,631230,170170
Gérignoz (La Pontia),"Château d'Oex, Gérignoz",Waadt,im Normalbetrieb,1996,934.9,579000,146920
Dornachbrugg,Dornach,Solothurn,im Normalbetrieb,1996,278.85,612720,259820
Äsch,Unterschächen,Uri,im Normalbetrieb,1996,1140,704580,191370
Lunschania,"St. Martin, Lunschania",Graubünden,im Normalbetrieb,1996,1042.67,733900,169150
Kandersteg (Dorf),"Kandersteg, Dorf",Bern,im Normalbetrieb,1996,1174.74,618160,149430
Fontanney,"Les Farettes, Aigle",Waadt,im Normalbetrieb,1997,436.5,564980,129620
Industrie,Jenins,Graubünden,im Normalbetrieb,1997,546.8,760950,206850
Juramill,Laufen,Basel-Landschaft,im Normalbetrieb,1997,356.35,604230,251080
Kammri,Wilderswil,Bern,im Normalbetrieb,1998,702.18,631750,167460
Pas-du-Lein,Pas-du Lein,Wallis,im Normalbetrieb,1998,1700,579000,107000
La Rasse,"Evionnaz, La Rasse",Wallis,im Normalbetrieb,1998,636,566840,114520
"Guarda (Ara), Giarsun",Guarda-Giarsun Gmd. Scuol,Graubünden,im Normalbetrieb,1998,1367,806530,183260
Engehalde-Dotierzentrale,Engehalde,Bern,im Normalbetrieb,1998,493.04,600460,201640
Neuewelt,Münchenstein,Basel-Landschaft,im Normalbetrieb,1998,254.6,613790,263910
Bruggmühle,Bremgarten,Aargau,im Normalbetrieb,1998,359.5,668050,244710
Mühlenplatz,Luzern,Luzern,im Normalbetrieb,1998,431.69,665600,211550
Amsteg-Regulierzentrale,Amsteg,Uri,im Normalbetrieb,1998,510,694010,181170
Amsteg-Dotierzentrale,"Wassen, Pfaffensprung",Uri,im Normalbetrieb,1998,779.3,689640,174440
Geissbrunnen,Saxeten,Bern,im Normalbetrieb,1999,1166.2,629970,164200
Stollen,Kriens/Obernau,Luzern,im Normalbetrieb,1999,650.67,660700,209500
Bieudron,Riddes,Wallis,im Normalbetrieb,1999,481,585550,114630
Wannenfluh,Rüderswil,Bern,im Normalbetrieb,1999,599.4,621550,205180
Ferrera,Trun,Graubünden,im Normalbetrieb,1999,871.25,718280,178090
Sainte - Anne,Grandvillard,Freiburg,im Normalbetrieb,1999,784,573100,153820
Ruppoldingen,Boningen,Solothurn,im Normalbetrieb,2000,398,633200,240250
Kalter Brunnen,Tscherggen,Wallis,im Normalbetrieb,2000,750.25,629080,129070
"Piumogna, Dalpe",Dalpe,Tessin,im Normalbetrieb,2000,1160.86,702000,147000
"Les Rochers, Savièse",Savièse,Wallis,im Normalbetrieb,2001,1084,593360,123550
Beznau-Wehrkraftwerk,Döttingen,Aargau,im Normalbetrieb,2001,312.8,659330,266890
"Bannwald (Altdorf, WVA)",Altdorf,Uri,im Normalbetrieb,2002,562.25,691740,193560
Campo Vallemaggia,Campo Vallemaggia,Tessin,im Normalbetrieb,2002,1032.7,682460,126550
Mutt,Zermatt,Wallis,im Normalbetrieb,2002,1629,623230,95590
Au-Schönenberg,Schönenberg an der Thur,Thurgau,im Normalbetrieb,2002,446.7,731650,265160
Hackeren,Lungern,Obwalden,im Normalbetrieb,2003,697,654760,181210
La Zour,Savièse,Wallis,im Normalbetrieb,2004,1371,593390,124790
Cerentino,"Cerentino, Collinasca",Tessin,im Normalbetrieb,2004,792.3,685740,128960
1er Palier Isérables c. Arcay,Isérables,Wallis,im Normalbetrieb,2005,1237.4,585340,112180
Le Châtelot-Centr. de dotation,Les Planchettes,Neuenburg,im Normalbetrieb,2005,657.79,547300,216950
Torrent de Soi,"La Frassenaye, Val d'Jlliez",Wallis,im Normalbetrieb,2005,902,557720,115100
"Obflue, Sachseln","Sachseln, Obflue",Obwalden,im Normalbetrieb,2005,575,660310,189850
Rossens-Centr. de dotation 2,Rossens,Freiburg,im Normalbetrieb,2005,610,575060,174130
Sous les Roches,Sonceboz,Bern,im Normalbetrieb,2005,626.2,580700,226550
Turtig,Raron,Wallis,im Normalbetrieb,2007,650,627370,127820
Stäubenwald,Gurtnellen,Uri,im Normalbetrieb,2007,764,690330,175900
Wettingen-Dotierzentrale,Wettingen,Aargau,im Normalbetrieb,2007,361.5,666570,256550
Dardin (Casut),"Dardin, Casut",Graubünden,im Normalbetrieb,2008,987.8,723100,179730
Tatz,Niedergesteln,Wallis,im Normalbetrieb,2008,1576,626860,130800
Niedergesteln,Niedergesteln,Wallis,im Normalbetrieb,2008,750,626770,129260
"La Petite Vaux,  Lavigny",Lavigny,Waadt,im Normalbetrieb,2008,415,520640,149140
Burentobel,St. Gallen,St.Gallen,im Normalbetrieb,2008,570.1,743570,253780
Ri di Foch 2 Prato (Leventina)," Prato Leventina, P. di Masc.",Tessin,im Normalbetrieb,2008,1065,700510,148490
"Engi, Vorderdorf (Mühlebach)","Engi, Vorderdorf (Glarus Süd)",Glarus,im Normalbetrieb,2009,810.45,730350,205190
Vollèges-Cries,Vollèges,Wallis,im Normalbetrieb,2009,980,579830,104700
"Croseau, Saint-Gingolph","Saint-Gingolph, Vignolles",Wallis,im Normalbetrieb,2009,487,551320,137570
Nufenen,Nufenen,Graubünden,im Normalbetrieb,2009,1622,738770,156240
"Oberems (Gemeinde), Borterbach",Oberems,Wallis,im Normalbetrieb,2009,1575,620880,121880
Albbruck-Wehrkraftwerk,Leibstadt,Aargau,im Normalbetrieb,2009,303.3,655130,272150
Chriz,"Niedergesteln, Turtig",Wallis,im Normalbetrieb,2009,650,627140,127880
"Kandersteg (Eggeschwand), Alpb","Kandersteg, Eggeschwand",Bern,im Normalbetrieb,2009,1198,617010,147110
Tierfehd (Umwälzwerk),"Linthal, Tierfehd",Glarus,im Normalbetrieb,2010,778.43,717880,193120
Törbel (Gappil),"Törbel, Gappil",Wallis,im Normalbetrieb,2010,1400,631630,120450
Arbaz I (Comba Energies),Arbaz,Wallis,im Normalbetrieb,2010,1030,595390,124090
Mesocco (Nan Ros),"Mesocco, Camou",Graubünden,im Normalbetrieb,2010,1300,738050,142500
"Pedecosta, Poschiavo","San Carlo, Pedecosta",Graubünden,im Normalbetrieb,2010,1191.6,802930,137440
Tarasp (Ischla),Tarasp,Graubünden,im Normalbetrieb,2010,1180.05,817190,186020
"Sot Ruinas, Susch",Susch,Graubünden,im Normalbetrieb,2010,1412.7,802080,181630
Wiler (Milibach),Wiler (Lötschen),Wallis,im Normalbetrieb,2010,1418.9,626980,139570
Schattenhalb 3,Schattenhalb,Bern,im Normalbetrieb,2010,601,657030,174520
Breite Stäg,Unterbäch,Wallis,im Normalbetrieb,2010,1710,626440,123890
"Flims, Felsbach (Karstwasser)",Flims,Graubünden,im Normalbetrieb,2011,851.07,743340,188710
"Flims, Felsbach (Bergwasser)",Flims,Graubünden,im Normalbetrieb,2011,851.07,743340,188710
Rheinfelden-Dotierzentrale,Rheinfelden,Aargau,im Normalbetrieb,2011,264.2,628170,268750
Nandrò,Riom - Parsonz,Graubünden,im Normalbetrieb,2011,1715.7,763410,159650
Thurfeld,Schönenberg,Thurgau,im Normalbetrieb,2011,446.39,733190,264670
Walzmühle 2,"Ennenda, Alpenbrüggli",Glarus,im Normalbetrieb,2011,468.5,723740,212210
Taschinas,Seewis,Graubünden,im Normalbetrieb,2011,640.8,767830,205890
Ettisbühl,Malters,Luzern,im Normalbetrieb,2011,501.2,655250,209950
Punt Gronda (Segnas),Flims,Graubünden,im Normalbetrieb,2012,1300.6,739320,189100
Punt Gronda (Platt Alva),Flims,Graubünden,im Normalbetrieb,2012,1300.6,739320,189100
"Schlossmühle, Frauenfeld","Frauenfeld, Schlossmühlestr.",Thurgau,im Normalbetrieb,2012,406,709840,268040
Seedorf (Bolzbach) Chuchibachq,Seedorf,Uri,im Normalbetrieb,2012,436.7,687990,194880
Charmey (La Tzintre),"Charmey, La Tzintre",Freiburg,im Normalbetrieb,2012,855,579950,162320
Sauterôt (Hérémence FMdB),Hérémence,Wallis,im Normalbetrieb,2012,916.95,597620,113250
Fiesch,Fiesch,Wallis,im Normalbetrieb,2012,1001,653490,138580
Splügen (Tambobach),Splügen,Graubünden,im Normalbetrieb,2012,1469.95,743500,156670
"Engi, Hinterdorf (Sernf)",Engi (Glarus Süd),Glarus,im Normalbetrieb,2012,795.2,730910,204030
Fafleralp,Blatten,Wallis,im Normalbetrieb,2012,1639.78,631290,142120
Icogne,Icogne,Wallis,im Normalbetrieb,2012,923.5,599990,128280
Ossasco,"Bedretto, Ossasco",Tessin,im Normalbetrieb,2012,1311.1,684400,151850
Punt Gronda (Tarschlims),Flims,Graubünden,im Normalbetrieb,2013,1300.6,739320,189100
Lüen (Sagenbach),"Lüen, Tewald",Graubünden,im Normalbetrieb,2013,772.09,765360,188650
Unteraa (Melchaa),Giswil,Obwalden,im Normalbetrieb,2013,481.5,656150,185850
"Walibach, Grafschaft",Grafschaft,Wallis,im Normalbetrieb,2013,1291,659660,144830
Gantergrund Nessel u.Mittubäch,Ried-Brig,Wallis,im Normalbetrieb,2013,1070,645170,126600
Les Afforêts-Leytron,Leytron,Wallis,im Normalbetrieb,2013,648,581560,115550
Chancy-Pougny Dot. passe pois.,Challex,,im Normalbetrieb,2013,336,486880,113040
Buoholzbach,"Wolfenschiessen, Flüglisloo",Nidwalden,im Normalbetrieb,2013,499,673150,197780
Dornbach (Ferden),Ferden,Wallis,im Normalbetrieb,2013,1370,624490,137810
Aue-Dotierzentrale,Baden,Aargau,im Normalbetrieb,2013,353.2,665570,257890
Vernayaz (STE SV SA),Vernayaz,Wallis,im Normalbetrieb,2013,658,568780,109230
Moulinets sur l'Orbe,Orbe,Waadt,im Normalbetrieb,2013,442.13,530710,174820
Schiffmühle - Dotierzentrale,"Untersiggenthal, Schiffmüli",Aargau,im Normalbetrieb,2013,335.15,662630,259960
Pont de la Tine  Coussy-Loudze,"Ormont - Dessous, Le Pont",Waadt,im Normalbetrieb,2013,816,569630,132970
Morgental,Steinach,St.Gallen,im Normalbetrieb,2014,400.5,749870,262990
Châble II,"Vionnaz, Beffeux",Wallis,im Normalbetrieb,2014,471,558250,128640
Pradella Wehr-Dotierzentrale,Scuol,Graubünden,im Normalbetrieb,2014,1134,820580,187830
Bachtoly,Eischoll,Wallis,im Normalbetrieb,2014,1260,626230,126860
Lauenen (Louibach),Lauenen bei Gstaad,Bern,im Normalbetrieb,2014,1195,590750,141430
Rüchlig-Dotierzentrale,Aarau,Aargau,im Normalbetrieb,2014,362.5,646320,249990
Ulrichen,"Ulrichen, zum Loch",Wallis,im Normalbetrieb,2014,1360.5,667540,150580
"Les Pontets, Riddes","Les Pontets, Riddes",Wallis,im Normalbetrieb,2014,1748,585540,108710
Tasnan,Ardez,Graubünden,im Normalbetrieb,2014,1252,812810,184500
Boudry (les Essert),Boudry,Neuenburg,im Normalbetrieb,2014,443.1,554650,200150
"Brummbach, Braunwald",Braunwald,Glarus,im Normalbetrieb,2014,1265,717590,199770
Ryburg-Schwörstadt Lockstromz.,"Schwörstaddt, KW Ryburg-Schw.",,im Normalbetrieb,2014,270.19,629740,270820
Lavin Prà da Plaiv (Lavinuoz),Lavin,Graubünden,im Normalbetrieb,2014,1380,804340,183240
"Siwibach (Eisten, VS)","Eisten, VS",Wallis,im Normalbetrieb,2014,1552,636480,114360
Rivaz (Le Forestay),Rivaz,Waadt,im Normalbetrieb,2014,375,549240,147250
Hagneck 2 (M 1 u. M 2),Hagneck,Bern,im Normalbetrieb,2015,429.9,580200,212100
"Uznaberg, Uznach",Uznach,St.Gallen,im Normalbetrieb,2015,424.5,715530,232260
Jungbach (St. Niklaus),St. Niklaus,Wallis,im Normalbetrieb,2015,1259,628190,115190
Neuägeri,"Neuägeri, Gmde Menzingen",Zug,im Normalbetrieb,2015,683.4,685270,223040
"Badhalte, Brig-Glis","Badhalte, Brig-Glis",Wallis,im Normalbetrieb,2015,663.2,638590,128270
Mossjesee,"Mossjesee, Zermatt",Wallis,im Normalbetrieb,2015,2100,626350,95450
"Zer Niwu Schiir, Mund","Mund, In de Fäldu (Gem.Naters)",Wallis,im Normalbetrieb,2015,1100,639060,129330
Sigirino (Monteceneri),Sigirino (Monteceneri),Tessin,im Normalbetrieb,2015,520,714020,103950
"Reserv. de Péteille, Vétroz","Vétroz, Péteille",Wallis,im Normalbetrieb,2015,574.4,587240,119510
Arbaz II (Sionne Energie),Savièse,Wallis,im Normalbetrieb,2015,603,594180,121670
"Dünnern, Olten",Olten,Solothurn,im Normalbetrieb,2015,385,634760,244300
Hard Wülflingen,"Hard, Wülflingen in Winterthur",Zürich,im Normalbetrieb,2015,400.63,693030,263750
Limmern,"Linthal, Ochsenstafel",Glarus,im Normalbetrieb,2016,1706.4,720030,189850
"Chräjubiel, Ried-Brig",Ried-Brig,Wallis,im Normalbetrieb,2016,1038,644640,128500
"2ème Palier Isérables, Riddes",Riddes,Wallis,im Normalbetrieb,2016,549,583770,113070
"Lochmedli, Guttannen","Guttannen, Blatti",Bern,im Normalbetrieb,2016,1303.5,665290,168610
"Färmelbach, St. Stephan","St. Stephan, Matten",Bern,im Normalbetrieb,2016,1023,598540,149240
Vernayaz (Pissevache),Vernayaz,Wallis,im Normalbetrieb,2016,590,568210,110370
"Niderbach, Münster-Geschinen","Wiler, Münster-Geschinen",Wallis,im Normalbetrieb,2016,1387,665430,150520
"Mulegn, Tinizong-Rona",Tinizong-Rona,Graubünden,im Normalbetrieb,2016,1227.2,767350,160740
"La Serrière, Neuchâtel","La Serrière, Neuchâtel",Neuenburg,im Normalbetrieb,2016,433.62,559380,203550
Holenstein Wehrkraftw. Glarus,"Mitlödi, Gmde. Glarus Süd",Glarus,im Normalbetrieb,2016,479.5,724570,210130
"Rufi, Hätzingen",Hätzingen,Glarus,im Normalbetrieb,2016,558.95,721270,202100
Mitlödi (Seidendruckerei),Mitlödi (Glarus Süd),Glarus,im Normalbetrieb,2016,492.35,725150,208020
Bürglen (Kanalkraftwerk),Bürglen,Thurgau,im Normalbetrieb,2016,443.9,729780,267220
"La Delise, Bourg-Saint-Pierre","Bourg-St-Pierre, La Delise",Wallis,im Normalbetrieb,2016,1980,582970,88360
Laubegg (Garstatt),"Boltigen, Garstatt",Bern,im Normalbetrieb,2016,857.4,595600,159650
"Müliacher, Steinen","Steinen, Müliacher",Schwyz,im Normalbetrieb,2016,500.3,689320,212090
"Broglio, com. Lavizarra","Broglio, Corsgèla in Lavizarra",Tessin,im Normalbetrieb,2016,703.75,694460,137360
Kembs-Centrale de dotation 2,Barrage de Kembs,,im Normalbetrieb,2016,234,609760,274340
"Schattigmatt, Bristen",Bristen,Uri,im Normalbetrieb,2016,828.5,697190,180270
"Simelemoos, St. Stephan",St. Stephan,Bern,im Normalbetrieb,2016,996.47,597300,150380
"Gohlhaus, Lützelflüh","Gohlhusbrügg, Lützelflüh",Bern,im Normalbetrieb,2016,586.3,619280,205780
Innertkirchen 3,"Innertkirchen, Underürbach",Bern,im Normalbetrieb,2016,650.45,660620,172030
Schattenhalb 1+,Schattenhalb,Bern,im Normalbetrieb,2017,597.1,657070,174500
Gletsch-Oberwald,"Oberwald, St. Niklaus",Wallis,im Bau,2017,1456,670660,154830
Verdan,Fully,Wallis,im Normalbetrieb,2017,496.74,575160,110200
"Les Garettes, Fully","Fully, Les Garettes",Wallis,im Normalbetrieb,2017,1552,574250,112070
Madonna degli Angeli,Giubiasco,Tessin,im Bau,2017,380,722270,115070
"Spiggenbach, Reichenbach","Reichenbach, Losplatte",Bern,im Normalbetrieb,2017,960,622690,158440
"Cotlan, Rüti ","Rüti, Gmde Glarus Süd",Glarus,im Normalbetrieb,2017,618.45,719730,199250
Eaux des torrent de Verbier,"Le Châble, Profray, Com.Bagnes",Wallis,im Normalbetrieb,2017,802,581670,103540
"St. Joseph, Obersaxen","Obersaxen, St. Joseph",Graubünden,im Normalbetrieb,2017,1203.3,724790,178750
Molino,"Promontogno, Gmde. Bregaglia",Graubünden,im Normalbetrieb,2017,811.2,763070,134190
Realp II,Realp,Uri,im Normalbetrieb,2017,1579,681010,160190
Grimsel Nollen,"Guttannen, Spitelnollen",Bern,im Normalbetrieb,2017,1814.4,668460,158220
"Alp Trida-Laret, Samnaun",Samnaun-Compatch,Graubünden,im Normalbetrieb,2017,1679,825350,205080
"Grafenau, St. Gallen","St. Gallen, Grafenau",St.Gallen,im Bau,2018,570.35,743090,253590
"Fellitobel, Gurtnellen",Gurtnellen,Uri,im Bau,2018,364,692180,177260
"Mühlebach II, Engi","Engi, Unter Engi",Glarus,im Bau,2018,767.5,729680,205210
Mitlödi (Föhnen/Sool),Mitlödi,Glarus,im Bau,2018,532.8,725110,207800
Mädems-Parmort,Mels,St.Gallen,im Bau,2018,1060,746510,212830
Chrizji Vispenterminen,"Vispenterminen, Chrizji",Wallis,im Bau,2018,1134.5,635370,124050
"Stundhüs, Vispenterminen","Vispenterminen, Stundhüs",Wallis,im Bau,2018,674,634080,124050
Crans-Montana,"Crans-Montana, R. Bourgeoisie",Wallis,im Bau,2018,1417.65,601420,128230
"Le Bruet, Ollon","Ollon, Bruet",Waadt,im Bau,2018,395,564770,126650
Eaux du torrent du Fossau,Vouvry,Wallis,im Bau,2018,465.69,557100,131790
Borgnone,Palagnedra,Tessin,im Bau,2018,479.5,691900,112850
Ovella Dotierzentr. Nauders ,"Nauders, A",,im Bau,2018,1010,831490,199390
Krafthaus Prutz / Ried,Prutz,,im Bau,2018,865.5,844830,217360
Churwalden,"Churwalden, Bärgliwäg",Graubünden,im Bau,2019,1255,760900,182650
"Weissenstein, Mels","Mels, Plons",St.Gallen,im Bau,2019,1065,746650,212980
Chapfensee,"Mels, Plons",St.Gallen,im Bau,2019,1031.5,747230,212620
"Eggi, Walenstadt",Walenstadt,St.Gallen,im Bau,2019,673.6,745900,218950
"Breithorn, Blatten",Blatten,Wallis,im Bau,2019,1780,632540,143040
Nant de Drance,Finhaut,Wallis,im Bau,2019,1693.9,558420,101760
Oberwald,Oberwald,Wallis,im Bau,2020,1390,670540,153840